id,name,read,pattern,sequence,feature_type
C0136,IgM,R2,5PNNNNNNNNNN(BC),TAGCGAGCCCGTATA,Antibody Capture
C0384,IgD,R2,5PNNNNNNNNNN(BC),CAGTCTCCGTAGAGT,Antibody Capture
C0144,CXCR5,R2,5PNNNNNNNNNN(BC),AATTCAACCGTCGCC,Antibody Capture
C0181,CD21,R2,5PNNNNNNNNNN(BC),AACCTAGTAGTTCGG,Antibody Capture
C0154,CD27,R2,5PNNNNNNNNNN(BC),GCACTCCTGCATGTA,Antibody Capture
C0251,HTO1,R2,5PNNNNNNNNNN(BC),GTCAACTCTTTAGCG,Antibody Capture
C0252,HTO2,R2,5PNNNNNNNNNN(BC),TGATGGCCTATTGGG,Antibody Capture
C0253,HTO3,R2,5PNNNNNNNNNN(BC),TTCCGCCTCTCTTTG,Antibody Capture
C0045,CD4,R2,5PNNNNNNNNNN(BC),GAGGTTAGTGATGGA,Antibody Capture
C0046,CD8,R2,5PNNNNNNNNNN(BC),GCGCAACTTGATGAT,Antibody Capture
C0951,INS_teta,R2,5PNNNNNNNNNN(BC),AACCTTTGCCACTGC,Antibody Capture
C0952,TET_tet,R2,5PNNNNNNNNNN(BC),GTCCGACTAATAGCT,Antibody Capture
C0953,IA2_tet,R2,5PNNNNNNNNNN(BC),CAGGTTGTTGTCATT,Antibody Capture
C0954,GAD_tet,R2,5PNNNNNNNNNN(BC),TATTTCCACCCGGTC,Antibody Capture
C0955,DNA_tet,R2,5PNNNNNNNNNN(BC),GTTGTGAGCACGAGA,Antibody Capture
C0961,INS_tetb,R2,5PNNNNNNNNNN(BC),ACCCGGTATCAATTA,Antibody Capture